<?xml version="1.0" encoding="UTF-8"?>

<export>
	<info>
		<infoproject>Offline</infoproject>
		<export_version>10</export_version>
	</info>
	<module>
		<name>com.fantrip.opencms.clickfantrip.basics</name>
		<nicename><![CDATA[basics]]></nicename>
		<class/>
		<site>/</site>
		<export-mode name="reduced"/>
		<description><![CDATA[Module responsible for styling the web]]></description>
		<version>0.1</version>
		<authorname><![CDATA[Marc Millan Gimeno]]></authorname>
		<authoremail><![CDATA[fantrip@enjoyfantrip.com]]></authoremail>
		<datecreated/>
		<userinstalled/>
		<dateinstalled/>
		<dependencies/>
		<exportpoints/>
		<resources>
			<resource uri="/system/modules/com.fantrip.opencms.clickfantrip.basics/css/"/>
			<resource uri="/system/modules/com.fantrip.opencms.clickfantrip.basics/fonts"/>
			<resource uri="/system/modules/com.fantrip.opencms.clickfantrip.basics/js"/>
			<resource uri="/system/modules/com.fantrip.opencms.clickfantrip.basics/scss"/>
		</resources>
		<excluderesources/>
		<parameters/>
	</module>
	<files>
		<file>
			<destination>system</destination>
			<type>folder</type>
			<properties/>
		</file>
		<file>
			<destination>system/modules</destination>
			<type>folder</type>
			<properties/>
		</file>
		<file>
			<destination>system/modules/com.fantrip.opencms.clickfantrip.basics</destination>
			<type>folder</type>
			<properties/>
		</file>
		<file>
			<destination>system/modules/com.fantrip.opencms.clickfantrip.basics/css</destination>
			<type>folder</type>
			<uuidstructure>0dbbf4c1-ecdd-11e9-9fbe-04922659cd14</uuidstructure>
			<datecreated>Sat, 12 Oct 2019 10:42:57 GMT</datecreated>
			<flags>0</flags>
			<properties>
				<property>
					<name>Title</name>
					<value><![CDATA[CSS folder]]></value>
				</property>
			</properties>
			<relations/>
			<accesscontrol/>
		</file>
		<file>
			<source>system/modules/com.fantrip.opencms.clickfantrip.basics/css/bootstrap.min.css</source>
			<destination>system/modules/com.fantrip.opencms.clickfantrip.basics/css/bootstrap.min.css</destination>
			<type>plain</type>
			<uuidstructure>227ac519-ecdd-11e9-9fbe-04922659cd28</uuidstructure>
			<uuidresource>227ac419-ecdd-11e4-9fbe-04922659cd39</uuidresource>
			<datecreated>Sat, 12 Oct 2019 10:43:32 GMT</datecreated>
			<flags>0</flags>
			<properties>
				<property>
					<name>Title</name>
					<value><![CDATA[Bootstrap style]]></value>
				</property>
			</properties>
			<relations/>
			<accesscontrol/>
		</file>
		<file>
			<source>system/modules/com.fantrip.opencms.clickfantrip.basics/css/fantrip_style.css</source>
			<destination>system/modules/com.fantrip.opencms.clickfantrip.basics/css/fantrip_style.css</destination>
			<type>plain</type>
			<uuidstructure>227ac719-ecdd-11e4-9fbe-04922659cd18</uuidstructure>
			<uuidresource>227ac719-ecdd-11e4-9fbe-04922659cd19</uuidresource>
			<datecreated>Sat, 12 Oct 2019 10:43:32 GMT</datecreated>
			<flags>0</flags>
			<properties>
				<property>
					<name>Title</name>
					<value><![CDATA[style]]></value>
				</property>
			</properties>
			<relations/>
			<accesscontrol/>
		</file>
		<file>
			<destination>system/modules/com.fantrip.opencms.clickfantrip.basics/fonts</destination>
			<type>folder</type>
			<uuidstructure>174c1384-ecdd-11e9-9fbe-04922659cd14</uuidstructure>
			<datecreated>Sat, 12 Oct 2019 10:43:13 GMT</datecreated>
			<flags>0</flags>
			<properties>
				<property>
					<name>Title</name>
					<value><![CDATA[FONTS folder]]></value>
				</property>
			</properties>
			<relations/>
			<accesscontrol/>
		</file>
		<file>
			<source>system/modules/com.fantrip.opencms.clickfantrip.basics/fonts/Montserrat-Black.eot</source>
			<destination>system/modules/com.fantrip.opencms.clickfantrip.basics/fonts/Montserrat-Black.eot</destination>
			<type>plain</type>
			<uuidstructure>ae1462ba-1359-11ea-883d-04922659cd14</uuidstructure>
			<uuidresource>ae1462bb-1359-11ea-883d-04922659cd14</uuidresource>
			<datecreated>Sat, 30 Nov 2019 10:10:48 GMT</datecreated>
			<flags>0</flags>
			<properties>
				<property>
					<name>Title</name>
					<value><![CDATA[Montserrat-Black]]></value>
				</property>
			</properties>
			<relations/>
			<accesscontrol/>
		</file>
		<file>
			<source>system/modules/com.fantrip.opencms.clickfantrip.basics/fonts/Montserrat-Black.ttf</source>
			<destination>system/modules/com.fantrip.opencms.clickfantrip.basics/fonts/Montserrat-Black.ttf</destination>
			<type>plain</type>
			<uuidstructure>227ac819-ecdd-11e9-9fbe-04922659cd28</uuidstructure>
			<uuidresource>227ac719-ecdd-11e4-9fbe-04922659cd39</uuidresource>
			<datecreated>Sat, 12 Oct 2019 10:43:32 GMT</datecreated>
			<flags>0</flags>
			<properties>
				<property>
					<name>Title</name>
					<value><![CDATA[Montserrat-Black]]></value>
				</property>
			</properties>
			<relations/>
			<accesscontrol/>
		</file>
		<file>
			<source>system/modules/com.fantrip.opencms.clickfantrip.basics/fonts/Montserrat-Black.woff</source>
			<destination>system/modules/com.fantrip.opencms.clickfantrip.basics/fonts/Montserrat-Black.woff</destination>
			<type>plain</type>
			<uuidstructure>ae1ffb7d-1359-11ea-883d-04922659cd14</uuidstructure>
			<uuidresource>ae1ffb7e-1359-11ea-883d-04922659cd14</uuidresource>
			<datecreated>Sat, 30 Nov 2019 10:10:48 GMT</datecreated>
			<flags>0</flags>
			<properties>
				<property>
					<name>Title</name>
					<value><![CDATA[Montserrat-Black]]></value>
				</property>
			</properties>
			<relations/>
			<accesscontrol/>
		</file>
		<file>
			<source>system/modules/com.fantrip.opencms.clickfantrip.basics/fonts/Montserrat-BlackItalic.eot</source>
			<destination>system/modules/com.fantrip.opencms.clickfantrip.basics/fonts/Montserrat-BlackItalic.eot</destination>
			<type>plain</type>
			<uuidstructure>ae22baa0-1359-11ea-883d-04922659cd14</uuidstructure>
			<uuidresource>ae22baa1-1359-11ea-883d-04922659cd14</uuidresource>
			<datecreated>Sat, 30 Nov 2019 10:10:48 GMT</datecreated>
			<flags>0</flags>
			<properties>
				<property>
					<name>Title</name>
					<value><![CDATA[Montserrat-BlackItalic]]></value>
				</property>
			</properties>
			<relations/>
			<accesscontrol/>
		</file>
		<file>
			<source>system/modules/com.fantrip.opencms.clickfantrip.basics/fonts/Montserrat-BlackItalic.woff</source>
			<destination>system/modules/com.fantrip.opencms.clickfantrip.basics/fonts/Montserrat-BlackItalic.woff</destination>
			<type>plain</type>
			<uuidstructure>ae250493-1359-11ea-883d-04922659cd14</uuidstructure>
			<uuidresource>ae250494-1359-11ea-883d-04922659cd14</uuidresource>
			<datecreated>Sat, 30 Nov 2019 10:10:48 GMT</datecreated>
			<flags>0</flags>
			<properties>
				<property>
					<name>Title</name>
					<value><![CDATA[Montserrat-BlackItalic]]></value>
				</property>
			</properties>
			<relations/>
			<accesscontrol/>
		</file>
		<file>
			<source>system/modules/com.fantrip.opencms.clickfantrip.basics/fonts/Montserrat-Bold.eot</source>
			<destination>system/modules/com.fantrip.opencms.clickfantrip.basics/fonts/Montserrat-Bold.eot</destination>
			<type>plain</type>
			<uuidstructure>ae272776-1359-11ea-883d-04922659cd14</uuidstructure>
			<uuidresource>ae272777-1359-11ea-883d-04922659cd14</uuidresource>
			<datecreated>Sat, 30 Nov 2019 10:10:48 GMT</datecreated>
			<flags>0</flags>
			<properties>
				<property>
					<name>Title</name>
					<value><![CDATA[Montserrat-Bold]]></value>
				</property>
			</properties>
			<relations/>
			<accesscontrol/>
		</file>
		<file>
			<source>system/modules/com.fantrip.opencms.clickfantrip.basics/fonts/Montserrat-Bold.woff</source>
			<destination>system/modules/com.fantrip.opencms.clickfantrip.basics/fonts/Montserrat-Bold.woff</destination>
			<type>plain</type>
			<uuidstructure>ae29bf89-1359-11ea-883d-04922659cd14</uuidstructure>
			<uuidresource>ae29bf8a-1359-11ea-883d-04922659cd14</uuidresource>
			<datecreated>Sat, 30 Nov 2019 10:10:48 GMT</datecreated>
			<flags>0</flags>
			<properties>
				<property>
					<name>Title</name>
					<value><![CDATA[Montserrat-Bold]]></value>
				</property>
			</properties>
			<relations/>
			<accesscontrol/>
		</file>
		<file>
			<source>system/modules/com.fantrip.opencms.clickfantrip.basics/fonts/Montserrat-BoldItalic.eot</source>
			<destination>system/modules/com.fantrip.opencms.clickfantrip.basics/fonts/Montserrat-BoldItalic.eot</destination>
			<type>plain</type>
			<uuidstructure>ae2c308c-1359-11ea-883d-04922659cd14</uuidstructure>
			<uuidresource>ae2c308d-1359-11ea-883d-04922659cd14</uuidresource>
			<datecreated>Sat, 30 Nov 2019 10:10:48 GMT</datecreated>
			<flags>0</flags>
			<properties>
				<property>
					<name>Title</name>
					<value><![CDATA[Montserrat-BoldItalic]]></value>
				</property>
			</properties>
			<relations/>
			<accesscontrol/>
		</file>
		<file>
			<source>system/modules/com.fantrip.opencms.clickfantrip.basics/fonts/Montserrat-BoldItalic.woff</source>
			<destination>system/modules/com.fantrip.opencms.clickfantrip.basics/fonts/Montserrat-BoldItalic.woff</destination>
			<type>plain</type>
			<uuidstructure>ae2e536f-1359-11ea-883d-04922659cd14</uuidstructure>
			<uuidresource>ae2e5370-1359-11ea-883d-04922659cd14</uuidresource>
			<datecreated>Sat, 30 Nov 2019 10:10:48 GMT</datecreated>
			<flags>0</flags>
			<properties>
				<property>
					<name>Title</name>
					<value><![CDATA[Montserrat-BoldItalic]]></value>
				</property>
			</properties>
			<relations/>
			<accesscontrol/>
		</file>
		<file>
			<source>system/modules/com.fantrip.opencms.clickfantrip.basics/fonts/Montserrat-ExtraBold.eot</source>
			<destination>system/modules/com.fantrip.opencms.clickfantrip.basics/fonts/Montserrat-ExtraBold.eot</destination>
			<type>plain</type>
			<uuidstructure>ae309d62-1359-11ea-883d-04922659cd14</uuidstructure>
			<uuidresource>ae309d63-1359-11ea-883d-04922659cd14</uuidresource>
			<datecreated>Sat, 30 Nov 2019 10:10:48 GMT</datecreated>
			<flags>0</flags>
			<properties>
				<property>
					<name>Title</name>
					<value><![CDATA[Montserrat-ExtraBold]]></value>
				</property>
			</properties>
			<relations/>
			<accesscontrol/>
		</file>
		<file>
			<source>system/modules/com.fantrip.opencms.clickfantrip.basics/fonts/Montserrat-ExtraBold.woff</source>
			<destination>system/modules/com.fantrip.opencms.clickfantrip.basics/fonts/Montserrat-ExtraBold.woff</destination>
			<type>plain</type>
			<uuidstructure>ae330e65-1359-11ea-883d-04922659cd14</uuidstructure>
			<uuidresource>ae330e66-1359-11ea-883d-04922659cd14</uuidresource>
			<datecreated>Sat, 30 Nov 2019 10:10:48 GMT</datecreated>
			<flags>0</flags>
			<properties>
				<property>
					<name>Title</name>
					<value><![CDATA[Montserrat-ExtraBold]]></value>
				</property>
			</properties>
			<relations/>
			<accesscontrol/>
		</file>
		<file>
			<source>system/modules/com.fantrip.opencms.clickfantrip.basics/fonts/Montserrat-ExtraBoldItalic.eot</source>
			<destination>system/modules/com.fantrip.opencms.clickfantrip.basics/fonts/Montserrat-ExtraBoldItalic.eot</destination>
			<type>plain</type>
			<uuidstructure>ae353148-1359-11ea-883d-04922659cd14</uuidstructure>
			<uuidresource>ae353149-1359-11ea-883d-04922659cd14</uuidresource>
			<datecreated>Sat, 30 Nov 2019 10:10:48 GMT</datecreated>
			<flags>0</flags>
			<properties>
				<property>
					<name>Title</name>
					<value><![CDATA[Montserrat-ExtraBoldItalic]]></value>
				</property>
			</properties>
			<relations/>
			<accesscontrol/>
		</file>
		<file>
			<source>system/modules/com.fantrip.opencms.clickfantrip.basics/fonts/Montserrat-ExtraBoldItalic.woff</source>
			<destination>system/modules/com.fantrip.opencms.clickfantrip.basics/fonts/Montserrat-ExtraBoldItalic.woff</destination>
			<type>plain</type>
			<uuidstructure>ae36defb-1359-11ea-883d-04922659cd14</uuidstructure>
			<uuidresource>ae36defc-1359-11ea-883d-04922659cd14</uuidresource>
			<datecreated>Sat, 30 Nov 2019 10:10:48 GMT</datecreated>
			<flags>0</flags>
			<properties>
				<property>
					<name>Title</name>
					<value><![CDATA[Montserrat-ExtraBoldItalic]]></value>
				</property>
			</properties>
			<relations/>
			<accesscontrol/>
		</file>
		<file>
			<source>system/modules/com.fantrip.opencms.clickfantrip.basics/fonts/Montserrat-ExtraLight.eot</source>
			<destination>system/modules/com.fantrip.opencms.clickfantrip.basics/fonts/Montserrat-ExtraLight.eot</destination>
			<type>plain</type>
			<uuidstructure>ae38b3be-1359-11ea-883d-04922659cd14</uuidstructure>
			<uuidresource>ae38b3bf-1359-11ea-883d-04922659cd14</uuidresource>
			<datecreated>Sat, 30 Nov 2019 10:10:48 GMT</datecreated>
			<flags>0</flags>
			<properties>
				<property>
					<name>Title</name>
					<value><![CDATA[Montserrat-ExtraLight]]></value>
				</property>
			</properties>
			<relations/>
			<accesscontrol/>
		</file>
		<file>
			<source>system/modules/com.fantrip.opencms.clickfantrip.basics/fonts/Montserrat-ExtraLight.woff</source>
			<destination>system/modules/com.fantrip.opencms.clickfantrip.basics/fonts/Montserrat-ExtraLight.woff</destination>
			<type>plain</type>
			<uuidstructure>ae3aaf91-1359-11ea-883d-04922659cd14</uuidstructure>
			<uuidresource>ae3aaf92-1359-11ea-883d-04922659cd14</uuidresource>
			<datecreated>Sat, 30 Nov 2019 10:10:48 GMT</datecreated>
			<flags>0</flags>
			<properties>
				<property>
					<name>Title</name>
					<value><![CDATA[Montserrat-ExtraLight]]></value>
				</property>
			</properties>
			<relations/>
			<accesscontrol/>
		</file>
		<file>
			<source>system/modules/com.fantrip.opencms.clickfantrip.basics/fonts/Montserrat-ExtraLightItalic.eot</source>
			<destination>system/modules/com.fantrip.opencms.clickfantrip.basics/fonts/Montserrat-ExtraLightItalic.eot</destination>
			<type>plain</type>
			<uuidstructure>ae3c8454-1359-11ea-883d-04922659cd14</uuidstructure>
			<uuidresource>ae3c8455-1359-11ea-883d-04922659cd14</uuidresource>
			<datecreated>Sat, 30 Nov 2019 10:10:48 GMT</datecreated>
			<flags>0</flags>
			<properties>
				<property>
					<name>Title</name>
					<value><![CDATA[Montserrat-ExtraLightItalic]]></value>
				</property>
			</properties>
			<relations/>
			<accesscontrol/>
		</file>
		<file>
			<source>system/modules/com.fantrip.opencms.clickfantrip.basics/fonts/Montserrat-ExtraLightItalic.woff</source>
			<destination>system/modules/com.fantrip.opencms.clickfantrip.basics/fonts/Montserrat-ExtraLightItalic.woff</destination>
			<type>plain</type>
			<uuidstructure>ae3f1c67-1359-11ea-883d-04922659cd14</uuidstructure>
			<uuidresource>ae3f1c68-1359-11ea-883d-04922659cd14</uuidresource>
			<datecreated>Sat, 30 Nov 2019 10:10:48 GMT</datecreated>
			<flags>0</flags>
			<properties>
				<property>
					<name>Title</name>
					<value><![CDATA[Montserrat-ExtraLightItalic]]></value>
				</property>
			</properties>
			<relations/>
			<accesscontrol/>
		</file>
		<file>
			<source>system/modules/com.fantrip.opencms.clickfantrip.basics/fonts/Montserrat-Italic.eot</source>
			<destination>system/modules/com.fantrip.opencms.clickfantrip.basics/fonts/Montserrat-Italic.eot</destination>
			<type>plain</type>
			<uuidstructure>ae413f4a-1359-11ea-883d-04922659cd14</uuidstructure>
			<uuidresource>ae413f4b-1359-11ea-883d-04922659cd14</uuidresource>
			<datecreated>Sat, 30 Nov 2019 10:10:48 GMT</datecreated>
			<flags>0</flags>
			<properties>
				<property>
					<name>Title</name>
					<value><![CDATA[Montserrat-Italic]]></value>
				</property>
			</properties>
			<relations/>
			<accesscontrol/>
		</file>
		<file>
			<source>system/modules/com.fantrip.opencms.clickfantrip.basics/fonts/Montserrat-Light.eot</source>
			<destination>system/modules/com.fantrip.opencms.clickfantrip.basics/fonts/Montserrat-Light.eot</destination>
			<type>plain</type>
			<uuidstructure>ae433b1d-1359-11ea-883d-04922659cd14</uuidstructure>
			<uuidresource>ae433b1e-1359-11ea-883d-04922659cd14</uuidresource>
			<datecreated>Sat, 30 Nov 2019 10:10:48 GMT</datecreated>
			<flags>0</flags>
			<properties>
				<property>
					<name>Title</name>
					<value><![CDATA[Montserrat-Light]]></value>
				</property>
			</properties>
			<relations/>
			<accesscontrol/>
		</file>
		<file>
			<source>system/modules/com.fantrip.opencms.clickfantrip.basics/fonts/Montserrat-Light.woff</source>
			<destination>system/modules/com.fantrip.opencms.clickfantrip.basics/fonts/Montserrat-Light.woff</destination>
			<type>plain</type>
			<uuidstructure>ae4536f0-1359-11ea-883d-04922659cd14</uuidstructure>
			<uuidresource>ae4536f1-1359-11ea-883d-04922659cd14</uuidresource>
			<datecreated>Sat, 30 Nov 2019 10:10:48 GMT</datecreated>
			<flags>0</flags>
			<properties>
				<property>
					<name>Title</name>
					<value><![CDATA[Montserrat-Light]]></value>
				</property>
			</properties>
			<relations/>
			<accesscontrol/>
		</file>
		<file>
			<source>system/modules/com.fantrip.opencms.clickfantrip.basics/fonts/Montserrat-LightItalic.eot</source>
			<destination>system/modules/com.fantrip.opencms.clickfantrip.basics/fonts/Montserrat-LightItalic.eot</destination>
			<type>plain</type>
			<uuidstructure>ae470bb3-1359-11ea-883d-04922659cd14</uuidstructure>
			<uuidresource>ae470bb4-1359-11ea-883d-04922659cd14</uuidresource>
			<datecreated>Sat, 30 Nov 2019 10:10:48 GMT</datecreated>
			<flags>0</flags>
			<properties>
				<property>
					<name>Title</name>
					<value><![CDATA[Montserrat-LightItalic]]></value>
				</property>
			</properties>
			<relations/>
			<accesscontrol/>
		</file>
		<file>
			<source>system/modules/com.fantrip.opencms.clickfantrip.basics/fonts/Montserrat-LightItalic.woff</source>
			<destination>system/modules/com.fantrip.opencms.clickfantrip.basics/fonts/Montserrat-LightItalic.woff</destination>
			<type>plain</type>
			<uuidstructure>ae490786-1359-11ea-883d-04922659cd14</uuidstructure>
			<uuidresource>ae490787-1359-11ea-883d-04922659cd14</uuidresource>
			<datecreated>Sat, 30 Nov 2019 10:10:48 GMT</datecreated>
			<flags>0</flags>
			<properties>
				<property>
					<name>Title</name>
					<value><![CDATA[Montserrat-LightItalic]]></value>
				</property>
			</properties>
			<relations/>
			<accesscontrol/>
		</file>
		<file>
			<source>system/modules/com.fantrip.opencms.clickfantrip.basics/fonts/Montserrat-Medium.eot</source>
			<destination>system/modules/com.fantrip.opencms.clickfantrip.basics/fonts/Montserrat-Medium.eot</destination>
			<type>plain</type>
			<uuidstructure>ae4b5179-1359-11ea-883d-04922659cd14</uuidstructure>
			<uuidresource>ae4b517a-1359-11ea-883d-04922659cd14</uuidresource>
			<datecreated>Sat, 30 Nov 2019 10:10:48 GMT</datecreated>
			<flags>0</flags>
			<properties>
				<property>
					<name>Title</name>
					<value><![CDATA[Montserrat-Medium]]></value>
				</property>
			</properties>
			<relations/>
			<accesscontrol/>
		</file>
		<file>
			<source>system/modules/com.fantrip.opencms.clickfantrip.basics/fonts/Montserrat-Medium.woff</source>
			<destination>system/modules/com.fantrip.opencms.clickfantrip.basics/fonts/Montserrat-Medium.woff</destination>
			<type>plain</type>
			<uuidstructure>ae4d4d4c-1359-11ea-883d-04922659cd14</uuidstructure>
			<uuidresource>ae4d4d4d-1359-11ea-883d-04922659cd14</uuidresource>
			<datecreated>Sat, 30 Nov 2019 10:10:48 GMT</datecreated>
			<flags>0</flags>
			<properties>
				<property>
					<name>Title</name>
					<value><![CDATA[Montserrat-Medium]]></value>
				</property>
			</properties>
			<relations/>
			<accesscontrol/>
		</file>
		<file>
			<source>system/modules/com.fantrip.opencms.clickfantrip.basics/fonts/Montserrat-MediumItalic.eot</source>
			<destination>system/modules/com.fantrip.opencms.clickfantrip.basics/fonts/Montserrat-MediumItalic.eot</destination>
			<type>plain</type>
			<uuidstructure>ae4f220f-1359-11ea-883d-04922659cd14</uuidstructure>
			<uuidresource>ae4f2210-1359-11ea-883d-04922659cd14</uuidresource>
			<datecreated>Sat, 30 Nov 2019 10:10:48 GMT</datecreated>
			<flags>0</flags>
			<properties>
				<property>
					<name>Title</name>
					<value><![CDATA[Montserrat-MediumItalic]]></value>
				</property>
			</properties>
			<relations/>
			<accesscontrol/>
		</file>
		<file>
			<source>system/modules/com.fantrip.opencms.clickfantrip.basics/fonts/Montserrat-MediumItalic.woff</source>
			<destination>system/modules/com.fantrip.opencms.clickfantrip.basics/fonts/Montserrat-MediumItalic.woff</destination>
			<type>plain</type>
			<uuidstructure>ae519312-1359-11ea-883d-04922659cd14</uuidstructure>
			<uuidresource>ae519313-1359-11ea-883d-04922659cd14</uuidresource>
			<datecreated>Sat, 30 Nov 2019 10:10:48 GMT</datecreated>
			<flags>0</flags>
			<properties>
				<property>
					<name>Title</name>
					<value><![CDATA[Montserrat-MediumItalic]]></value>
				</property>
			</properties>
			<relations/>
			<accesscontrol/>
		</file>
		<file>
			<source>system/modules/com.fantrip.opencms.clickfantrip.basics/fonts/Montserrat-Regular.eot</source>
			<destination>system/modules/com.fantrip.opencms.clickfantrip.basics/fonts/Montserrat-Regular.eot</destination>
			<type>plain</type>
			<uuidstructure>ae540415-1359-11ea-883d-04922659cd14</uuidstructure>
			<uuidresource>ae540416-1359-11ea-883d-04922659cd14</uuidresource>
			<datecreated>Sat, 30 Nov 2019 10:10:48 GMT</datecreated>
			<flags>0</flags>
			<properties>
				<property>
					<name>Title</name>
					<value><![CDATA[Montserrat-Regular]]></value>
				</property>
			</properties>
			<relations/>
			<accesscontrol/>
		</file>
		<file>
			<source>system/modules/com.fantrip.opencms.clickfantrip.basics/fonts/Montserrat-Regular.woff</source>
			<destination>system/modules/com.fantrip.opencms.clickfantrip.basics/fonts/Montserrat-Regular.woff</destination>
			<type>plain</type>
			<uuidstructure>ae564e08-1359-11ea-883d-04922659cd14</uuidstructure>
			<uuidresource>ae564e09-1359-11ea-883d-04922659cd14</uuidresource>
			<datecreated>Sat, 30 Nov 2019 10:10:48 GMT</datecreated>
			<flags>0</flags>
			<properties>
				<property>
					<name>Title</name>
					<value><![CDATA[Montserrat-Regular]]></value>
				</property>
			</properties>
			<relations/>
			<accesscontrol/>
		</file>
		<file>
			<source>system/modules/com.fantrip.opencms.clickfantrip.basics/fonts/Montserrat-SemiBold.eot</source>
			<destination>system/modules/com.fantrip.opencms.clickfantrip.basics/fonts/Montserrat-SemiBold.eot</destination>
			<type>plain</type>
			<uuidstructure>ae5870eb-1359-11ea-883d-04922659cd14</uuidstructure>
			<uuidresource>ae5870ec-1359-11ea-883d-04922659cd14</uuidresource>
			<datecreated>Sat, 30 Nov 2019 10:10:48 GMT</datecreated>
			<flags>0</flags>
			<properties>
				<property>
					<name>Title</name>
					<value><![CDATA[Montserrat-SemiBold]]></value>
				</property>
			</properties>
			<relations/>
			<accesscontrol/>
		</file>
		<file>
			<source>system/modules/com.fantrip.opencms.clickfantrip.basics/fonts/Montserrat-SemiBold.woff</source>
			<destination>system/modules/com.fantrip.opencms.clickfantrip.basics/fonts/Montserrat-SemiBold.woff</destination>
			<type>plain</type>
			<uuidstructure>ae5ae1ee-1359-11ea-883d-04922659cd14</uuidstructure>
			<uuidresource>ae5ae1ef-1359-11ea-883d-04922659cd14</uuidresource>
			<datecreated>Sat, 30 Nov 2019 10:10:48 GMT</datecreated>
			<flags>0</flags>
			<properties>
				<property>
					<name>Title</name>
					<value><![CDATA[Montserrat-SemiBold]]></value>
				</property>
			</properties>
			<relations/>
			<accesscontrol/>
		</file>
		<file>
			<source>system/modules/com.fantrip.opencms.clickfantrip.basics/fonts/Montserrat-SemiBoldItalic.eot</source>
			<destination>system/modules/com.fantrip.opencms.clickfantrip.basics/fonts/Montserrat-SemiBoldItalic.eot</destination>
			<type>plain</type>
			<uuidstructure>ae5d2be1-1359-11ea-883d-04922659cd14</uuidstructure>
			<uuidresource>ae5d2be2-1359-11ea-883d-04922659cd14</uuidresource>
			<datecreated>Sat, 30 Nov 2019 10:10:48 GMT</datecreated>
			<flags>0</flags>
			<properties>
				<property>
					<name>Title</name>
					<value><![CDATA[Montserrat-SemiBoldItalic]]></value>
				</property>
			</properties>
			<relations/>
			<accesscontrol/>
		</file>
		<file>
			<source>system/modules/com.fantrip.opencms.clickfantrip.basics/fonts/Montserrat-SemiBoldItalic.woff</source>
			<destination>system/modules/com.fantrip.opencms.clickfantrip.basics/fonts/Montserrat-SemiBoldItalic.woff</destination>
			<type>plain</type>
			<uuidstructure>ae5f4ec4-1359-11ea-883d-04922659cd14</uuidstructure>
			<uuidresource>ae5f4ec5-1359-11ea-883d-04922659cd14</uuidresource>
			<datecreated>Sat, 30 Nov 2019 10:10:48 GMT</datecreated>
			<flags>0</flags>
			<properties>
				<property>
					<name>Title</name>
					<value><![CDATA[Montserrat-SemiBoldItalic]]></value>
				</property>
			</properties>
			<relations/>
			<accesscontrol/>
		</file>
		<file>
			<source>system/modules/com.fantrip.opencms.clickfantrip.basics/fonts/Montserrat-Thin.eot</source>
			<destination>system/modules/com.fantrip.opencms.clickfantrip.basics/fonts/Montserrat-Thin.eot</destination>
			<type>plain</type>
			<uuidstructure>ae6171a7-1359-11ea-883d-04922659cd14</uuidstructure>
			<uuidresource>ae6171a8-1359-11ea-883d-04922659cd14</uuidresource>
			<datecreated>Sat, 30 Nov 2019 10:10:48 GMT</datecreated>
			<flags>0</flags>
			<properties>
				<property>
					<name>Title</name>
					<value><![CDATA[Montserrat-Thin]]></value>
				</property>
			</properties>
			<relations/>
			<accesscontrol/>
		</file>
		<file>
			<source>system/modules/com.fantrip.opencms.clickfantrip.basics/fonts/Montserrat-Thin.woff</source>
			<destination>system/modules/com.fantrip.opencms.clickfantrip.basics/fonts/Montserrat-Thin.woff</destination>
			<type>plain</type>
			<uuidstructure>ae636d7a-1359-11ea-883d-04922659cd14</uuidstructure>
			<uuidresource>ae636d7b-1359-11ea-883d-04922659cd14</uuidresource>
			<datecreated>Sat, 30 Nov 2019 10:10:48 GMT</datecreated>
			<flags>0</flags>
			<properties>
				<property>
					<name>Title</name>
					<value><![CDATA[Montserrat-Thin]]></value>
				</property>
			</properties>
			<relations/>
			<accesscontrol/>
		</file>
		<file>
			<source>system/modules/com.fantrip.opencms.clickfantrip.basics/fonts/Montserrat-ThinItalic.eot</source>
			<destination>system/modules/com.fantrip.opencms.clickfantrip.basics/fonts/Montserrat-ThinItalic.eot</destination>
			<type>plain</type>
			<uuidstructure>ae662c9d-1359-11ea-883d-04922659cd14</uuidstructure>
			<uuidresource>ae662c9e-1359-11ea-883d-04922659cd14</uuidresource>
			<datecreated>Sat, 30 Nov 2019 10:10:48 GMT</datecreated>
			<flags>0</flags>
			<properties>
				<property>
					<name>Title</name>
					<value><![CDATA[Montserrat-ThinItalic]]></value>
				</property>
			</properties>
			<relations/>
			<accesscontrol/>
		</file>
		<file>
			<source>system/modules/com.fantrip.opencms.clickfantrip.basics/fonts/Montserrat-ThinItalic.woff</source>
			<destination>system/modules/com.fantrip.opencms.clickfantrip.basics/fonts/Montserrat-ThinItalic.woff</destination>
			<type>plain</type>
			<uuidstructure>ae68c4b0-1359-11ea-883d-04922659cd14</uuidstructure>
			<uuidresource>ae68c4b1-1359-11ea-883d-04922659cd14</uuidresource>
			<datecreated>Sat, 30 Nov 2019 10:10:48 GMT</datecreated>
			<flags>0</flags>
			<properties>
				<property>
					<name>Title</name>
					<value><![CDATA[Montserrat-ThinItalic]]></value>
				</property>
			</properties>
			<relations/>
			<accesscontrol/>
		</file>
		<file>
			<source>system/modules/com.fantrip.opencms.clickfantrip.basics/fonts/Montserrat.css</source>
			<destination>system/modules/com.fantrip.opencms.clickfantrip.basics/fonts/Montserrat.css</destination>
			<type>plain</type>
			<uuidstructure>ae6b0ea3-1359-11ea-883d-04922659cd14</uuidstructure>
			<uuidresource>ae6b0ea4-1359-11ea-883d-04922659cd14</uuidresource>
			<datecreated>Sat, 30 Nov 2019 10:10:48 GMT</datecreated>
			<flags>0</flags>
			<properties>
				<property>
					<name>Title</name>
					<value><![CDATA[Montserrat]]></value>
				</property>
			</properties>
			<relations/>
			<accesscontrol/>
		</file>
		<file>
			<source>system/modules/com.fantrip.opencms.clickfantrip.basics/fonts/MontserratAlternates-Thin.eot</source>
			<destination>system/modules/com.fantrip.opencms.clickfantrip.basics/fonts/MontserratAlternates-Thin.eot</destination>
			<type>plain</type>
			<uuidstructure>ae6d0a76-1359-11ea-883d-04922659cd14</uuidstructure>
			<uuidresource>ae6d0a77-1359-11ea-883d-04922659cd14</uuidresource>
			<datecreated>Sat, 30 Nov 2019 10:10:48 GMT</datecreated>
			<flags>0</flags>
			<properties>
				<property>
					<name>Title</name>
					<value><![CDATA[MontserratAlternates-Thin]]></value>
				</property>
			</properties>
			<relations/>
			<accesscontrol/>
		</file>
		<file>
			<source>system/modules/com.fantrip.opencms.clickfantrip.basics/fonts/MontserratAlternates-Thin.woff</source>
			<destination>system/modules/com.fantrip.opencms.clickfantrip.basics/fonts/MontserratAlternates-Thin.woff</destination>
			<type>plain</type>
			<uuidstructure>ae6fa289-1359-11ea-883d-04922659cd14</uuidstructure>
			<uuidresource>ae6fa28a-1359-11ea-883d-04922659cd14</uuidresource>
			<datecreated>Sat, 30 Nov 2019 10:10:48 GMT</datecreated>
			<flags>0</flags>
			<properties>
				<property>
					<name>Title</name>
					<value><![CDATA[MontserratAlternates-Thin]]></value>
				</property>
			</properties>
			<relations/>
			<accesscontrol/>
		</file>
		<file>
			<source>system/modules/com.fantrip.opencms.clickfantrip.basics/fonts/MontserratAlternates-ThinItalic.eot</source>
			<destination>system/modules/com.fantrip.opencms.clickfantrip.basics/fonts/MontserratAlternates-ThinItalic.eot</destination>
			<type>plain</type>
			<uuidstructure>ae723a9c-1359-11ea-883d-04922659cd14</uuidstructure>
			<uuidresource>ae723a9d-1359-11ea-883d-04922659cd14</uuidresource>
			<datecreated>Sat, 30 Nov 2019 10:10:48 GMT</datecreated>
			<flags>0</flags>
			<properties>
				<property>
					<name>Title</name>
					<value><![CDATA[MontserratAlternates-ThinItalic]]></value>
				</property>
			</properties>
			<relations/>
			<accesscontrol/>
		</file>
		<file>
			<source>system/modules/com.fantrip.opencms.clickfantrip.basics/fonts/MontserratAlternates-ThinItalic.woff</source>
			<destination>system/modules/com.fantrip.opencms.clickfantrip.basics/fonts/MontserratAlternates-ThinItalic.woff</destination>
			<type>plain</type>
			<uuidstructure>ae74366f-1359-11ea-883d-04922659cd14</uuidstructure>
			<uuidresource>ae743670-1359-11ea-883d-04922659cd14</uuidresource>
			<datecreated>Sat, 30 Nov 2019 10:10:48 GMT</datecreated>
			<flags>0</flags>
			<properties>
				<property>
					<name>Title</name>
					<value><![CDATA[MontserratAlternates-ThinItalic]]></value>
				</property>
			</properties>
			<relations/>
			<accesscontrol/>
		</file>
		<file>
			<destination>system/modules/com.fantrip.opencms.clickfantrip.basics/js</destination>
			<type>folder</type>
			<uuidstructure>227ac719-ecdd-11e9-9fbe-04922659cd14</uuidstructure>
			<datecreated>Sat, 12 Oct 2019 10:43:32 GMT</datecreated>
			<flags>0</flags>
			<properties/>
			<relations/>
			<accesscontrol/>
		</file>
		<file>
			<source>system/modules/com.fantrip.opencms.clickfantrip.basics/js/bootstrap.min.js</source>
			<destination>system/modules/com.fantrip.opencms.clickfantrip.basics/js/bootstrap.min.js</destination>
			<type>plain</type>
			<uuidstructure>237ac519-ecdd-11e9-9fbe-04922659cd28</uuidstructure>
			<uuidresource>357ac419-ecdd-11e4-9fbe-04922659cd39</uuidresource>
			<datecreated>Sat, 12 Oct 2019 10:43:32 GMT</datecreated>
			<flags>0</flags>
			<properties>
				<property>
					<name>Title</name>
					<value><![CDATA[Bootstrap js]]></value>
				</property>
			</properties>
			<relations/>
			<accesscontrol/>
		</file>
		<file>
			<source>system/modules/com.fantrip.opencms.clickfantrip.basics/js/jquery-3.4.1.min.js</source>
			<destination>system/modules/com.fantrip.opencms.clickfantrip.basics/js/jquery-3.4.1.min.js</destination>
			<type>plain</type>
			<uuidstructure>237ac519-ecdd-11e9-9fbe-04944659cd28</uuidstructure>
			<uuidresource>357ac419-ecdd-11e4-9fbe-04948659cd39</uuidresource>
			<datecreated>Sat, 12 Oct 2019 10:43:32 GMT</datecreated>
			<flags>0</flags>
			<properties>
				<property>
					<name>Title</name>
					<value><![CDATA[Jquery js]]></value>
				</property>
			</properties>
			<relations/>
			<accesscontrol/>
		</file>
		<file>
			<destination>system/modules/com.fantrip.opencms.clickfantrip.basics/scss</destination>
			<type>folder</type>
			<uuidstructure>227ac719-ecdd-11e9-9fbe-04922659cd18</uuidstructure>
			<datecreated>Sat, 12 Oct 2019 10:43:32 GMT</datecreated>
			<flags>0</flags>
			<properties/>
			<relations/>
			<accesscontrol/>
		</file>
	</files>
</export>
