<?xml version="1.0" encoding="UTF-8"?>

<NewFormatters xmlns:xsi="http://www.w3.org/2001/XMLSchema-instance" xsi:noNamespaceSchemaLocation="opencms://system/modules/org.opencms.ade.config/schemas/formatters/new_formatter.xsd">
  <NewFormatter language="en">
    <NiceName><![CDATA[FooterTemplateSection]]></NiceName>
    <Type><![CDATA[m-layout-row-complex]]></Type>
    <Jsp>
      <link type="WEAK">
        <target><![CDATA[/system/modules/com.fantrip.opencms.clickfantrip.views/template/footer/template-footer.jsp]]></target>
        <uuid>c2bfd63f-ecd2-11e9-9fbe-14922669cd14</uuid>
      </link>
    </Jsp>
    <Description><![CDATA[FooterTemplateSection]]></Description>
    <Rank><![CDATA[1000]]></Rank>
    <Match>
      <Types>
        <ContainerType><![CDATA[element]]></ContainerType>
        <ContainerType><![CDATA[row]]></ContainerType>
        <ContainerType><![CDATA[area]]></ContainerType>
        <ContainerType><![CDATA[template]]></ContainerType>
        <ContainerType><![CDATA[center]]></ContainerType>
      </Types>
    </Match>
    <AutoEnabled>true</AutoEnabled>
    <SearchContent>true</SearchContent>
    <StrictContainers>true</StrictContainers>
    <AlwaysApplyMetaMappings>false</AlwaysApplyMetaMappings>
  </NewFormatter>
</NewFormatters>
