<?xml version="1.0" encoding="UTF-8"?>

<export>
	<info>
		<infoproject>Offline</infoproject>
		<export_version>10</export_version>
	</info>
	<module>
		<name>com.fantrip.opencms.clickfantrip.views</name>
		<nicename><![CDATA[views]]></nicename>
		<class/>
		<site>/</site>
		<export-mode name="reduced"/>
		<description><![CDATA[Modulo centrado en funcionalidades o representaciones esteticas de la web]]></description>
		<version>0</version>
		<authorname><![CDATA[Marc Millan Gimeno]]></authorname>
		<authoremail><![CDATA[mmillan@gmv.com]]></authoremail>
		<datecreated/>
		<userinstalled/>
		<dateinstalled/>
		<dependencies/>
		<exportpoints/>
		<resources>
			<resource uri="/system/modules/com.fantrip.opencms.clickfantrip.views/"/>
		</resources>
		<excluderesources/>
		<parameters/>
	</module>
	<files>
		<file>
			<destination>system</destination>
			<type>folder</type>
			<properties/>
		</file>
		<file>
			<destination>system/modules</destination>
			<type>folder</type>
			<properties/>
		</file>
		<file>
			<destination>system/modules/com.fantrip.opencms.clickfantrip.views</destination>
			<type>folder</type>
			<uuidstructure>48eb348a-deed-11e9-aecd-04922659cd14</uuidstructure>
			<datecreated>Tue, 24 Sep 2019 17:03:52 GMT</datecreated>
			<flags>0</flags>
			<properties/>
			<relations/>
			<accesscontrol/>
		</file>
		<file>
			<source>system/modules/com.fantrip.opencms.clickfantrip.views/.config</source>
			<destination>system/modules/com.fantrip.opencms.clickfantrip.views/.config</destination>
			<type>module_config</type>
			<uuidstructure>48ed576c-deed-11e9-aecd-04922659cd14</uuidstructure>
			<uuidresource>48ed576d-deed-11e9-aecd-04922659cd14</uuidresource>
			<datecreated>Tue, 24 Sep 2019 17:03:52 GMT</datecreated>
			<flags>0</flags>
			<properties>
				<property>
					<name>locale</name>
					<value><![CDATA[en]]></value>
				</property>
				<property>
					<name>locale-available</name>
					<value><![CDATA[en]]></value>
				</property>
				<property>
					<name>search.exclude</name>
					<value><![CDATA[all]]></value>
				</property>
			</properties>
			<relations/>
			<accesscontrol/>
		</file>
		<file>
			<destination>system/modules/com.fantrip.opencms.clickfantrip.views/classes</destination>
			<type>folder</type>
			<uuidstructure>82b9f126-deed-11e9-aecd-04922659cd14</uuidstructure>
			<datecreated>Tue, 24 Sep 2019 17:05:29 GMT</datecreated>
			<flags>0</flags>
			<properties/>
			<relations/>
			<accesscontrol/>
		</file>
		<file>
			<destination>system/modules/com.fantrip.opencms.clickfantrip.views/formatters</destination>
			<type>folder</type>
			<uuidstructure>87576e18-deed-11e9-aecd-04922659cd14</uuidstructure>
			<datecreated>Tue, 24 Sep 2019 17:05:37 GMT</datecreated>
			<flags>0</flags>
			<properties/>
			<relations/>
			<accesscontrol/>
		</file>
		<file>
			<source>system/modules/com.fantrip.opencms.clickfantrip.views/formatters/clr_00001.xml</source>
			<destination>system/modules/com.fantrip.opencms.clickfantrip.views/formatters/clr_00001.xml</destination>
			<type>m-layout-row-complex</type>
			<uuidstructure>43501926-ea1b-11e9-99c8-04922659cd14</uuidstructure>
			<uuidresource>43501927-ea1b-11e9-99c8-04922659cd14</uuidresource>
			<datecreated>Tue, 08 Oct 2019 22:30:42 GMT</datecreated>
			<flags>0</flags>
			<properties>
				<property>
					<name>Title</name>
					<value><![CDATA[Full column]]></value>
				</property>
			</properties>
			<relations/>
			<accesscontrol/>
		</file>
		<file>
			<source>system/modules/com.fantrip.opencms.clickfantrip.views/formatters/footer.html</source>
			<destination>system/modules/com.fantrip.opencms.clickfantrip.views/formatters/footer.html</destination>
			<type>function</type>
			<uuidstructure>4d68f178-099d-11ea-bb7b-04922659cd14</uuidstructure>
			<uuidresource>4d68f179-099d-11ea-bb7b-04922659cd14</uuidresource>
			<datecreated>Mon, 18 Nov 2019 00:49:40 GMT</datecreated>
			<flags>0</flags>
			<properties>
				<property>
					<name>Description</name>
					<value><![CDATA[Footer Section FT]]></value>
				</property>
				<property>
					<name>Title</name>
					<value><![CDATA[Footer Section FT]]></value>
				</property>
			</properties>
			<relations/>
			<accesscontrol/>
		</file>
		<file>
			<source>system/modules/com.fantrip.opencms.clickfantrip.views/formatters/footer.jsp</source>
			<destination>system/modules/com.fantrip.opencms.clickfantrip.views/formatters/footer.jsp</destination>
			<type>jsp</type>
			<uuidstructure>4d6fa83c-099d-11ea-bb7b-04922659cd14</uuidstructure>
			<uuidresource>4d6fa83d-099d-11ea-bb7b-04922659cd14</uuidresource>
			<datecreated>Mon, 18 Nov 2019 00:49:40 GMT</datecreated>
			<flags>0</flags>
			<properties>
				<property type="shared">
					<name>export</name>
					<value><![CDATA[false]]></value>
				</property>
			</properties>
			<relations/>
			<accesscontrol/>
		</file>
		<file>
			<source>system/modules/com.fantrip.opencms.clickfantrip.views/formatters/lr_00001.xml</source>
			<destination>system/modules/com.fantrip.opencms.clickfantrip.views/formatters/lr_00001.xml</destination>
			<type>m-layout-row-simple</type>
			<uuidstructure>1eb68ccd-ea1a-11e9-99c8-04922659cd14</uuidstructure>
			<uuidresource>1eb68cce-ea1a-11e9-99c8-04922659cd14</uuidresource>
			<datecreated>Tue, 08 Oct 2019 22:22:31 GMT</datecreated>
			<flags>0</flags>
			<properties>
				<property>
					<name>Title</name>
					<value><![CDATA[Full column]]></value>
				</property>
			</properties>
			<relations/>
			<accesscontrol/>
		</file>
		<file>
			<source>system/modules/com.fantrip.opencms.clickfantrip.views/formatters/template-footer.jsp</source>
			<destination>system/modules/com.fantrip.opencms.clickfantrip.views/formatters/template-footer.jsp</destination>
			<type>jsp</type>
			<uuidstructure>4d73039f-099d-11ea-bb7b-04922659cd14</uuidstructure>
			<uuidresource>4d7303a0-099d-11ea-bb7b-04922659cd14</uuidresource>
			<datecreated>Mon, 18 Nov 2019 00:49:40 GMT</datecreated>
			<flags>0</flags>
			<properties>
				<property type="shared">
					<name>export</name>
					<value><![CDATA[false]]></value>
				</property>
			</properties>
			<relations/>
			<accesscontrol/>
		</file>
		<file>
			<source>system/modules/com.fantrip.opencms.clickfantrip.views/formatters/template-footer.xml</source>
			<destination>system/modules/com.fantrip.opencms.clickfantrip.views/formatters/template-footer.xml</destination>
			<type>formatter_config</type>
			<uuidstructure>4d765f02-099d-11ea-bb7b-04922659cd14</uuidstructure>
			<uuidresource>4d765f03-099d-11ea-bb7b-04922659cd14</uuidresource>
			<datecreated>Mon, 18 Nov 2019 00:49:40 GMT</datecreated>
			<flags>0</flags>
			<properties>
				<property>
					<name>locale</name>
					<value><![CDATA[en]]></value>
				</property>
				<property>
					<name>locale-available</name>
					<value><![CDATA[en]]></value>
				</property>
				<property>
					<name>search.exclude</name>
					<value><![CDATA[all]]></value>
				</property>
			</properties>
			<relations/>
			<accesscontrol/>
		</file>
		<file>
			<destination>system/modules/com.fantrip.opencms.clickfantrip.views/i18n</destination>
			<type>folder</type>
			<uuidstructure>48f064b1-deed-11e9-aecd-04922659cd14</uuidstructure>
			<datecreated>Tue, 24 Sep 2019 17:03:52 GMT</datecreated>
			<flags>0</flags>
			<properties/>
			<relations/>
			<accesscontrol/>
		</file>
		<file>
			<source>system/modules/com.fantrip.opencms.clickfantrip.views/i18n/com.fantrip.opencms.views.messages_en</source>
			<destination>system/modules/com.fantrip.opencms.clickfantrip.views/i18n/com.fantrip.opencms.views.messages_en</destination>
			<type>propertyvfsbundle</type>
			<uuidstructure>48f17623-deed-11e9-aecd-04922659cd14</uuidstructure>
			<uuidresource>48f17624-deed-11e9-aecd-04922659cd14</uuidresource>
			<datecreated>Tue, 24 Sep 2019 17:03:52 GMT</datecreated>
			<flags>0</flags>
			<properties>
				<property>
					<name>search.exclude</name>
					<value><![CDATA[all]]></value>
				</property>
			</properties>
			<relations/>
			<accesscontrol/>
		</file>
		<file>
			<destination>system/modules/com.fantrip.opencms.clickfantrip.views/searcher</destination>
			<type>folder</type>
			<uuidstructure>9234311a-deed-11e9-aecd-04922659cd14</uuidstructure>
			<datecreated>Tue, 24 Sep 2019 17:05:55 GMT</datecreated>
			<flags>0</flags>
			<properties/>
			<relations/>
			<accesscontrol/>
		</file>
		<file>
			<destination>system/modules/com.fantrip.opencms.clickfantrip.views/template</destination>
			<type>folder</type>
			<uuidstructure>48f064b2-deed-11e9-aecd-04922659cd14</uuidstructure>
			<datecreated>Tue, 24 Sep 2019 17:03:52 GMT</datecreated>
			<flags>0</flags>
			<properties/>
			<relations/>
			<accesscontrol/>
		</file>
		<file>
			<destination>system/modules/com.fantrip.opencms.clickfantrip.views/template/base</destination>
			<type>folder</type>
			<uuidstructure>77548d00-e961-11e9-a6bd-04922659cd14</uuidstructure>
			<datecreated>Tue, 08 Oct 2019 00:20:43 GMT</datecreated>
			<flags>0</flags>
			<properties/>
			<relations/>
			<accesscontrol/>
		</file>
		<file>
			<source>system/modules/com.fantrip.opencms.clickfantrip.views/template/base/footer.jsp</source>
			<destination>system/modules/com.fantrip.opencms.clickfantrip.views/template/base/footer.jsp</destination>
			<type>jsp</type>
			<uuidstructure>2799fd43-ea05-11e9-99c8-04922659cd14</uuidstructure>
			<uuidresource>2799fd44-ea05-11e9-99c8-04922659cd14</uuidresource>
			<datecreated>Tue, 08 Oct 2019 19:52:27 GMT</datecreated>
			<flags>0</flags>
			<properties>
				<property type="shared">
					<name>export</name>
					<value><![CDATA[false]]></value>
				</property>
			</properties>
			<relations/>
			<accesscontrol/>
		</file>
		<file>
			<source>system/modules/com.fantrip.opencms.clickfantrip.views/template/base/head.jsp</source>
			<destination>system/modules/com.fantrip.opencms.clickfantrip.views/template/base/head.jsp</destination>
			<type>jsp</type>
			<uuidstructure>c3f73be5-ea00-11e9-a6bd-04922659cd14</uuidstructure>
			<uuidresource>c3f73be6-ea00-11e9-a6bd-04922659cd14</uuidresource>
			<datecreated>Tue, 08 Oct 2019 19:21:02 GMT</datecreated>
			<flags>0</flags>
			<properties>
				<property type="shared">
					<name>export</name>
					<value><![CDATA[false]]></value>
				</property>
			</properties>
			<relations/>
			<accesscontrol/>
		</file>
		<file>
			<source>system/modules/com.fantrip.opencms.clickfantrip.views/template/base/main.jsp</source>
			<destination>system/modules/com.fantrip.opencms.clickfantrip.views/template/base/main.jsp</destination>
			<type>jsp</type>
			<uuidstructure>7f4071a3-e961-11e9-a6bd-04922659cd14</uuidstructure>
			<uuidresource>7f4071a4-e961-11e9-a6bd-04922659cd14</uuidresource>
			<datecreated>Tue, 08 Oct 2019 00:20:56 GMT</datecreated>
			<flags>0</flags>
			<properties>
				<property type="shared">
					<name>export</name>
					<value><![CDATA[false]]></value>
				</property>
			</properties>
			<relations/>
			<accesscontrol/>
		</file>
		<file>
			<destination>system/modules/com.fantrip.opencms.clickfantrip.views/template/breadcrumb</destination>
			<type>folder</type>
			<uuidstructure>fd69bbde-0be6-11ea-bafa-04922659cd14</uuidstructure>
			<datecreated>Wed, 20 Nov 2019 22:42:11 GMT</datecreated>
			<flags>0</flags>
			<properties/>
			<relations/>
			<accesscontrol/>
		</file>
		<file>
			<source>system/modules/com.fantrip.opencms.clickfantrip.views/template/breadcrumb/nav-breadcrumb.jsp</source>
			<destination>system/modules/com.fantrip.opencms.clickfantrip.views/template/breadcrumb/nav-breadcrumb.jsp</destination>
			<type>jsp</type>
			<uuidstructure>1d545b94-0be7-11ea-bafa-04922659cd14</uuidstructure>
			<uuidresource>1d545b95-0be7-11ea-bafa-04922659cd14</uuidresource>
			<datecreated>Wed, 20 Nov 2019 22:43:04 GMT</datecreated>
			<flags>0</flags>
			<properties>
				<property type="shared">
					<name>export</name>
					<value><![CDATA[false]]></value>
				</property>
			</properties>
			<relations/>
			<accesscontrol/>
		</file>
		<file>
			<source>system/modules/com.fantrip.opencms.clickfantrip.views/template/breadcrumb/navigation-main.xml</source>
			<destination>system/modules/com.fantrip.opencms.clickfantrip.views/template/breadcrumb/navigation-main.xml</destination>
			<type>function_config</type>
			<uuidstructure>08805390-0be7-11ea-bafa-04922659cd14</uuidstructure>
			<uuidresource>08805391-0be7-11ea-bafa-04922659cd14</uuidresource>
			<datecreated>Wed, 20 Nov 2019 22:42:29 GMT</datecreated>
			<flags>0</flags>
			<properties>
				<property>
					<name>locale</name>
					<value><![CDATA[en]]></value>
				</property>
				<property>
					<name>locale-available</name>
					<value><![CDATA[en]]></value>
				</property>
			</properties>
			<relations/>
			<accesscontrol/>
		</file>
		<file>
			<destination>system/modules/com.fantrip.opencms.clickfantrip.views/template/escenarios-template</destination>
			<type>folder</type>
			<uuidstructure>2e5bd8eb-0a64-11ea-8e7a-04922659cd14</uuidstructure>
			<datecreated>Tue, 19 Nov 2019 00:33:17 GMT</datecreated>
			<flags>0</flags>
			<properties/>
			<relations/>
			<accesscontrol/>
		</file>
		<file>
			<source>system/modules/com.fantrip.opencms.clickfantrip.views/template/escenarios-template/escenarios-buttons.jsp</source>
			<destination>system/modules/com.fantrip.opencms.clickfantrip.views/template/escenarios-template/escenarios-buttons.jsp</destination>
			<type>jsp</type>
			<uuidstructure>394015fd-0a64-11ea-8e7a-04922659cd14</uuidstructure>
			<uuidresource>394015fe-0a64-11ea-8e7a-04922659cd14</uuidresource>
			<datecreated>Tue, 19 Nov 2019 00:33:36 GMT</datecreated>
			<flags>0</flags>
			<properties>
				<property type="shared">
					<name>export</name>
					<value><![CDATA[false]]></value>
				</property>
			</properties>
			<relations/>
			<accesscontrol/>
		</file>
		<file>
			<source>system/modules/com.fantrip.opencms.clickfantrip.views/template/escenarios-template/escenarios-buttons.xml</source>
			<destination>system/modules/com.fantrip.opencms.clickfantrip.views/template/escenarios-template/escenarios-buttons.xml</destination>
			<type>function_config</type>
			<uuidstructure>a3a3a6b6-0a64-11ea-8e7a-04922659cd14</uuidstructure>
			<uuidresource>a3a3a6b7-0a64-11ea-8e7a-04922659cd14</uuidresource>
			<datecreated>Tue, 19 Nov 2019 00:36:34 GMT</datecreated>
			<flags>0</flags>
			<properties>
				<property>
					<name>locale</name>
					<value><![CDATA[en]]></value>
				</property>
				<property>
					<name>locale-available</name>
					<value><![CDATA[en]]></value>
				</property>
			</properties>
			<relations/>
			<accesscontrol/>
		</file>
		<file>
			<destination>system/modules/com.fantrip.opencms.clickfantrip.views/template/footer</destination>
			<type>folder</type>
			<uuidstructure>085727a9-3642-11e7-aff0-54ee75c6c19a</uuidstructure>
			<datecreated>Thu, 11 May 2017 12:04:49 GMT</datecreated>
			<flags>0</flags>
			<properties/>
			<relations/>
			<accesscontrol/>
		</file>
		<file>
			<source>system/modules/com.fantrip.opencms.clickfantrip.views/template/footer/footer-section.xml</source>
			<destination>system/modules/com.fantrip.opencms.clickfantrip.views/template/footer/footer-section.xml</destination>
			<type>function_config</type>
			<uuidstructure>e359d7df-099e-11ea-bb7b-04922659cd14</uuidstructure>
			<uuidresource>e359d7e0-099e-11ea-bb7b-04922659cd14</uuidresource>
			<datecreated>Mon, 18 Nov 2019 01:01:01 GMT</datecreated>
			<flags>0</flags>
			<properties>
				<property>
					<name>locale</name>
					<value><![CDATA[en]]></value>
				</property>
				<property>
					<name>locale-available</name>
					<value><![CDATA[en]]></value>
				</property>
			</properties>
			<relations/>
			<accesscontrol/>
		</file>
		<file>
			<source>system/modules/com.fantrip.opencms.clickfantrip.views/template/footer/footer.jsp</source>
			<destination>system/modules/com.fantrip.opencms.clickfantrip.views/template/footer/footer.jsp</destination>
			<type>jsp</type>
			<uuidstructure>c2bfd61f-ecd2-11e9-9fbe-14922669cd14</uuidstructure>
			<uuidresource>c2bfd620-ecd2-11e9-9fbe-24922669cd14</uuidresource>
			<datecreated>Sat, 12 Oct 2019 09:29:16 GMT</datecreated>
			<flags>0</flags>
			<properties>
				<property type="shared">
					<name>export</name>
					<value><![CDATA[false]]></value>
				</property>
			</properties>
			<relations/>
			<accesscontrol/>
		</file>
		<file>
			<source>system/modules/com.fantrip.opencms.clickfantrip.views/template/footer/template-footer.jsp</source>
			<destination>system/modules/com.fantrip.opencms.clickfantrip.views/template/footer/template-footer.jsp</destination>
			<type>jsp</type>
			<uuidstructure>c2bfd63f-ecd2-11e9-9fbe-14922669cd14</uuidstructure>
			<uuidresource>c2bfd630-ecd3-11e9-9fbe-24922669cd14</uuidresource>
			<datecreated>Sat, 12 Oct 2019 09:29:16 GMT</datecreated>
			<flags>0</flags>
			<properties>
				<property type="shared">
					<name>export</name>
					<value><![CDATA[false]]></value>
				</property>
			</properties>
			<relations/>
			<accesscontrol/>
		</file>
		<file>
			<source>system/modules/com.fantrip.opencms.clickfantrip.views/template/footer/template-footer.xml</source>
			<destination>system/modules/com.fantrip.opencms.clickfantrip.views/template/footer/template-footer.xml</destination>
			<type>formatter_config</type>
			<uuidstructure>643248f6-e4a3-11e9-b0bf-04922659cd18</uuidstructure>
			<uuidresource>643248f7-e4a3-11e9-b0bf-04922659cd28</uuidresource>
			<datecreated>Tue, 01 Oct 2019 23:30:02 GMT</datecreated>
			<flags>0</flags>
			<properties>
				<property>
					<name>locale</name>
					<value><![CDATA[en]]></value>
				</property>
				<property>
					<name>locale-available</name>
					<value><![CDATA[en]]></value>
				</property>
				<property>
					<name>search.exclude</name>
					<value><![CDATA[all]]></value>
				</property>
			</properties>
			<relations/>
			<accesscontrol/>
		</file>
		<file>
			<destination>system/modules/com.fantrip.opencms.clickfantrip.views/template/gallery-guides-section</destination>
			<type>folder</type>
			<uuidstructure>085727a9-3642-12e7-aff0-54ee75c6c19a</uuidstructure>
			<datecreated>Thu, 11 May 2017 12:04:49 GMT</datecreated>
			<flags>0</flags>
			<properties/>
			<relations/>
			<accesscontrol/>
		</file>
		<file>
			<source>system/modules/com.fantrip.opencms.clickfantrip.views/template/gallery-guides-section/gallery-guides-section-template.xml</source>
			<destination>system/modules/com.fantrip.opencms.clickfantrip.views/template/gallery-guides-section/gallery-guides-section-template.xml</destination>
			<type>function_config</type>
			<uuidstructure>7c151708-0a36-11ea-8e7a-04922659cd14</uuidstructure>
			<uuidresource>7c151709-0a36-11ea-8e7a-04922659cd14</uuidresource>
			<datecreated>Mon, 18 Nov 2019 19:06:11 GMT</datecreated>
			<flags>0</flags>
			<properties>
				<property>
					<name>locale</name>
					<value><![CDATA[en]]></value>
				</property>
				<property>
					<name>locale-available</name>
					<value><![CDATA[en]]></value>
				</property>
			</properties>
			<relations/>
			<accesscontrol/>
		</file>
		<file>
			<source>system/modules/com.fantrip.opencms.clickfantrip.views/template/gallery-guides-section/gallery-guides-section.html</source>
			<destination>system/modules/com.fantrip.opencms.clickfantrip.views/template/gallery-guides-section/gallery-guides-section.html</destination>
			<type>function</type>
			<uuidstructure>9cdb0917-e94b-11e9-b6bd-04922659cd14</uuidstructure>
			<uuidresource>9cdb0918-e94b-11e9-b7bd-04922659cd14</uuidresource>
			<datecreated>Mon, 07 Oct 2019 21:44:17 GMT</datecreated>
			<flags>0</flags>
			<properties>
				<property>
					<name>Description</name>
					<value><![CDATA[Gallery Guides Section FT]]></value>
				</property>
				<property>
					<name>Title</name>
					<value><![CDATA[Gallery Guides Section FT]]></value>
				</property>
			</properties>
			<relations/>
			<accesscontrol/>
		</file>
		<file>
			<source>system/modules/com.fantrip.opencms.clickfantrip.views/template/gallery-guides-section/gallery-guides-section.jsp</source>
			<destination>system/modules/com.fantrip.opencms.clickfantrip.views/template/gallery-guides-section/gallery-guides-section.jsp</destination>
			<type>jsp</type>
			<uuidstructure>3d923de9-3638-11e7-b804-64ee75c6c19a</uuidstructure>
			<uuidresource>3d922de6-3638-11e7-b804-54ee75c6c19a</uuidresource>
			<datecreated>Thu, 11 May 2017 10:39:04 GMT</datecreated>
			<flags>0</flags>
			<properties>
				<property type="shared">
					<name>export</name>
					<value><![CDATA[false]]></value>
				</property>
			</properties>
			<relations/>
			<accesscontrol/>
		</file>
		<file>
			<source>system/modules/com.fantrip.opencms.clickfantrip.views/template/gallery-guides-section/template-gallery-guides-section.jsp</source>
			<destination>system/modules/com.fantrip.opencms.clickfantrip.views/template/gallery-guides-section/template-gallery-guides-section.jsp</destination>
			<type>jsp</type>
			<uuidstructure>1d923de9-3637-88e7-b804-54ee75c6c19a</uuidstructure>
			<uuidresource>1d922de6-3636-88e7-b804-54ee75c6c19a</uuidresource>
			<datecreated>Thu, 11 May 2017 10:39:04 GMT</datecreated>
			<flags>0</flags>
			<properties>
				<property type="shared">
					<name>export</name>
					<value><![CDATA[false]]></value>
				</property>
			</properties>
			<relations/>
			<accesscontrol/>
		</file>
		<file>
			<source>system/modules/com.fantrip.opencms.clickfantrip.views/template/gallery-guides-section/template-gallery-guides-section.xml</source>
			<destination>system/modules/com.fantrip.opencms.clickfantrip.views/template/gallery-guides-section/template-gallery-guides-section.xml</destination>
			<type>formatter_config</type>
			<uuidstructure>643248f6-e4a3-11e9-b1bf-04922659cd16</uuidstructure>
			<uuidresource>643248f7-e4a3-11e8-b1bf-04922659cd17</uuidresource>
			<datecreated>Tue, 01 Oct 2019 23:30:02 GMT</datecreated>
			<flags>0</flags>
			<properties>
				<property>
					<name>locale</name>
					<value><![CDATA[en]]></value>
				</property>
				<property>
					<name>locale-available</name>
					<value><![CDATA[en]]></value>
				</property>
				<property>
					<name>search.exclude</name>
					<value><![CDATA[all]]></value>
				</property>
			</properties>
			<relations/>
			<accesscontrol/>
		</file>
		<file>
			<destination>system/modules/com.fantrip.opencms.clickfantrip.views/template/header</destination>
			<type>folder</type>
			<uuidstructure>085726a9-3642-11e7-aff0-54ee75c6c19a</uuidstructure>
			<datecreated>Thu, 11 May 2017 12:04:49 GMT</datecreated>
			<flags>0</flags>
			<properties/>
			<relations/>
			<accesscontrol/>
		</file>
		<file>
			<source>system/modules/com.fantrip.opencms.clickfantrip.views/template/header/header-section.xml</source>
			<destination>system/modules/com.fantrip.opencms.clickfantrip.views/template/header/header-section.xml</destination>
			<type>function_config</type>
			<uuidstructure>c34eece5-09a3-11ea-bb7b-04922659cd14</uuidstructure>
			<uuidresource>c34eece6-09a3-11ea-bb7b-04922659cd14</uuidresource>
			<datecreated>Mon, 18 Nov 2019 01:35:54 GMT</datecreated>
			<flags>0</flags>
			<properties>
				<property>
					<name>locale</name>
					<value><![CDATA[en]]></value>
				</property>
				<property>
					<name>locale-available</name>
					<value><![CDATA[en]]></value>
				</property>
			</properties>
			<relations/>
			<accesscontrol/>
		</file>
		<file>
			<source>system/modules/com.fantrip.opencms.clickfantrip.views/template/header/header-selector-section.xml</source>
			<destination>system/modules/com.fantrip.opencms.clickfantrip.views/template/header/header-selector-section.xml</destination>
			<type>function_config</type>
			<uuidstructure>518ab638-0a5e-11ea-8e7a-04922659cd14</uuidstructure>
			<uuidresource>518ab639-0a5e-11ea-8e7a-04922659cd14</uuidresource>
			<datecreated>Mon, 18 Nov 2019 23:51:19 GMT</datecreated>
			<flags>0</flags>
			<properties>
				<property>
					<name>locale</name>
					<value><![CDATA[en]]></value>
				</property>
				<property>
					<name>locale-available</name>
					<value><![CDATA[en]]></value>
				</property>
			</properties>
			<relations/>
			<accesscontrol/>
		</file>
		<file>
			<source>system/modules/com.fantrip.opencms.clickfantrip.views/template/header/header-selector.html</source>
			<destination>system/modules/com.fantrip.opencms.clickfantrip.views/template/header/header-selector.html</destination>
			<type>function</type>
			<uuidstructure>6b20a4d2-b627-11e6-b21c-54ee748146f9</uuidstructure>
			<uuidresource>6b20a4d2-b628-11e6-b21c-54ee748146f9</uuidresource>
			<datecreated>Thu, 30 Jun 2016 13:44:00 GMT</datecreated>
			<flags>0</flags>
			<properties>
				<property>
					<name>Description</name>
					<value><![CDATA[Header Selector]]></value>
				</property>
				<property>
					<name>Title</name>
					<value><![CDATA[Header Selector]]></value>
				</property>
			</properties>
			<relations/>
			<accesscontrol/>
		</file>
		<file>
			<source>system/modules/com.fantrip.opencms.clickfantrip.views/template/header/header-selector.jsp</source>
			<destination>system/modules/com.fantrip.opencms.clickfantrip.views/template/header/header-selector.jsp</destination>
			<type>jsp</type>
			<uuidstructure>9f6673cd-e4a1-12e9-b0bf-04922659cd14</uuidstructure>
			<uuidresource>9f6673ce-e4a1-13e9-b0bf-04922659cd14</uuidresource>
			<datecreated>Tue, 01 Oct 2019 23:17:22 GMT</datecreated>
			<flags>0</flags>
			<properties>
				<property type="shared">
					<name>export</name>
					<value><![CDATA[false]]></value>
				</property>
			</properties>
			<relations/>
			<accesscontrol/>
		</file>
		<file>
			<source>system/modules/com.fantrip.opencms.clickfantrip.views/template/header/header.jsp</source>
			<destination>system/modules/com.fantrip.opencms.clickfantrip.views/template/header/header.jsp</destination>
			<type>jsp</type>
			<uuidstructure>0d903de9-3636-11e7-b804-54ee75c6c19a</uuidstructure>
			<uuidresource>0d903de6-3636-11e7-b804-54ee75c6c19a</uuidresource>
			<datecreated>Thu, 11 May 2017 10:39:04 GMT</datecreated>
			<flags>0</flags>
			<properties>
				<property type="shared">
					<name>export</name>
					<value><![CDATA[false]]></value>
				</property>
			</properties>
			<relations/>
			<accesscontrol/>
		</file>
		<file>
			<source>system/modules/com.fantrip.opencms.clickfantrip.views/template/header/template-header-selector.jsp</source>
			<destination>system/modules/com.fantrip.opencms.clickfantrip.views/template/header/template-header-selector.jsp</destination>
			<type>jsp</type>
			<uuidstructure>9f6673cd-e4a1-22e9-b0bf-04922659cd14</uuidstructure>
			<uuidresource>9f6673ce-e4a1-23e9-b0bf-04922659cd14</uuidresource>
			<datecreated>Tue, 01 Oct 2019 23:17:22 GMT</datecreated>
			<flags>0</flags>
			<properties>
				<property type="shared">
					<name>export</name>
					<value><![CDATA[false]]></value>
				</property>
			</properties>
			<relations/>
			<accesscontrol/>
		</file>
		<file>
			<source>system/modules/com.fantrip.opencms.clickfantrip.views/template/header/template-header-selector.xml</source>
			<destination>system/modules/com.fantrip.opencms.clickfantrip.views/template/header/template-header-selector.xml</destination>
			<type>formatter_config</type>
			<uuidstructure>643248f6-e4a3-11e9-b0bf-04922659cd16</uuidstructure>
			<uuidresource>643248f7-e4a3-11e9-b0bf-04922659cd17</uuidresource>
			<datecreated>Tue, 01 Oct 2019 23:30:02 GMT</datecreated>
			<flags>0</flags>
			<properties>
				<property>
					<name>locale</name>
					<value><![CDATA[en]]></value>
				</property>
				<property>
					<name>locale-available</name>
					<value><![CDATA[en]]></value>
				</property>
				<property>
					<name>search.exclude</name>
					<value><![CDATA[all]]></value>
				</property>
			</properties>
			<relations/>
			<accesscontrol/>
		</file>
		<file>
			<source>system/modules/com.fantrip.opencms.clickfantrip.views/template/header/template-header.jsp</source>
			<destination>system/modules/com.fantrip.opencms.clickfantrip.views/template/header/template-header.jsp</destination>
			<type>jsp</type>
			<uuidstructure>9f6673cd-e4a1-11e9-b0bf-04922659cd14</uuidstructure>
			<uuidresource>9f6673ce-e4a1-11e9-b0bf-04922659cd14</uuidresource>
			<datecreated>Tue, 01 Oct 2019 23:17:22 GMT</datecreated>
			<flags>0</flags>
			<properties>
				<property type="shared">
					<name>export</name>
					<value><![CDATA[false]]></value>
				</property>
			</properties>
			<relations/>
			<accesscontrol/>
		</file>
		<file>
			<source>system/modules/com.fantrip.opencms.clickfantrip.views/template/header/template-header.xml</source>
			<destination>system/modules/com.fantrip.opencms.clickfantrip.views/template/header/template-header.xml</destination>
			<type>formatter_config</type>
			<uuidstructure>643248f6-e4a3-11e9-b0bf-04922659cd14</uuidstructure>
			<uuidresource>643248f7-e4a3-11e9-b0bf-04922659cd14</uuidresource>
			<datecreated>Tue, 01 Oct 2019 23:30:02 GMT</datecreated>
			<flags>0</flags>
			<properties>
				<property>
					<name>locale</name>
					<value><![CDATA[en]]></value>
				</property>
				<property>
					<name>locale-available</name>
					<value><![CDATA[en]]></value>
				</property>
				<property>
					<name>search.exclude</name>
					<value><![CDATA[all]]></value>
				</property>
			</properties>
			<relations/>
			<accesscontrol/>
		</file>
		<file>
			<destination>system/modules/com.fantrip.opencms.clickfantrip.views/template/information-section</destination>
			<type>folder</type>
			<uuidstructure>185727a9-3642-12e7-aff0-54ee75c6c19a</uuidstructure>
			<datecreated>Thu, 11 May 2017 12:04:49 GMT</datecreated>
			<flags>0</flags>
			<properties/>
			<relations/>
			<accesscontrol/>
		</file>
		<file>
			<source>system/modules/com.fantrip.opencms.clickfantrip.views/template/information-section/information-section-template.xml</source>
			<destination>system/modules/com.fantrip.opencms.clickfantrip.views/template/information-section/information-section-template.xml</destination>
			<type>function_config</type>
			<uuidstructure>2b36e4fa-0a5f-11ea-8e7a-04922659cd14</uuidstructure>
			<uuidresource>2b36e4fb-0a5f-11ea-8e7a-04922659cd14</uuidresource>
			<datecreated>Mon, 18 Nov 2019 23:57:25 GMT</datecreated>
			<flags>0</flags>
			<properties>
				<property>
					<name>locale</name>
					<value><![CDATA[en]]></value>
				</property>
				<property>
					<name>locale-available</name>
					<value><![CDATA[en]]></value>
				</property>
			</properties>
			<relations/>
			<accesscontrol/>
		</file>
		<file>
			<source>system/modules/com.fantrip.opencms.clickfantrip.views/template/information-section/information-section.html</source>
			<destination>system/modules/com.fantrip.opencms.clickfantrip.views/template/information-section/information-section.html</destination>
			<type>function</type>
			<uuidstructure>9cdb0917-e94b-11e9-a6bd-04922659cd14</uuidstructure>
			<uuidresource>9cdb0918-e94b-11e9-a6bd-04922659cd14</uuidresource>
			<datecreated>Mon, 07 Oct 2019 21:44:17 GMT</datecreated>
			<flags>0</flags>
			<properties>
				<property>
					<name>Description</name>
					<value><![CDATA[Information Section Information FT]]></value>
				</property>
				<property>
					<name>Title</name>
					<value><![CDATA[Information Section Information FT]]></value>
				</property>
			</properties>
			<relations/>
			<accesscontrol/>
		</file>
		<file>
			<source>system/modules/com.fantrip.opencms.clickfantrip.views/template/information-section/information-section.jsp</source>
			<destination>system/modules/com.fantrip.opencms.clickfantrip.views/template/information-section/information-section.jsp</destination>
			<type>jsp</type>
			<uuidstructure>c4b7b6c4-0a35-11ea-8e7a-04922659cd14</uuidstructure>
			<uuidresource>c4b7b6c5-0a35-11ea-8e7a-04922659cd14</uuidresource>
			<datecreated>Mon, 18 Nov 2019 19:01:03 GMT</datecreated>
			<flags>0</flags>
			<properties>
				<property type="shared">
					<name>export</name>
					<value><![CDATA[false]]></value>
				</property>
			</properties>
			<relations/>
			<accesscontrol/>
		</file>
		<file>
			<source>system/modules/com.fantrip.opencms.clickfantrip.views/template/information-section/information-section.xml</source>
			<destination>system/modules/com.fantrip.opencms.clickfantrip.views/template/information-section/information-section.xml</destination>
			<type>function_config</type>
			<uuidstructure>e17dbded-0a35-11ea-8e7a-04922659cd14</uuidstructure>
			<uuidresource>e17dbdee-0a35-11ea-8e7a-04922659cd14</uuidresource>
			<datecreated>Mon, 18 Nov 2019 19:01:52 GMT</datecreated>
			<flags>0</flags>
			<properties>
				<property>
					<name>locale</name>
					<value><![CDATA[en]]></value>
				</property>
				<property>
					<name>locale-available</name>
					<value><![CDATA[en]]></value>
				</property>
			</properties>
			<relations/>
			<accesscontrol/>
		</file>
		<file>
			<source>system/modules/com.fantrip.opencms.clickfantrip.views/template/information-section/template-information-section.jsp</source>
			<destination>system/modules/com.fantrip.opencms.clickfantrip.views/template/information-section/template-information-section.jsp</destination>
			<type>jsp</type>
			<uuidstructure>1d923de9-3636-11e7-b804-54ee75c6c19a</uuidstructure>
			<uuidresource>1d922de6-3636-11e7-b804-54ee75c6c19a</uuidresource>
			<datecreated>Thu, 11 May 2017 10:39:04 GMT</datecreated>
			<flags>0</flags>
			<properties>
				<property type="shared">
					<name>export</name>
					<value><![CDATA[false]]></value>
				</property>
			</properties>
			<relations/>
			<accesscontrol/>
		</file>
		<file>
			<destination>system/modules/com.fantrip.opencms.clickfantrip.views/template/plana-interior</destination>
			<type>folder</type>
			<uuidstructure>87fea337-ecd2-11e9-9fbe-04922659cd14</uuidstructure>
			<datecreated>Sat, 12 Oct 2019 09:27:38 GMT</datecreated>
			<flags>0</flags>
			<properties/>
			<relations/>
			<accesscontrol/>
		</file>
		<file>
			<source>system/modules/com.fantrip.opencms.clickfantrip.views/template/plana-interior/template-plana-interior.jsp</source>
			<destination>system/modules/com.fantrip.opencms.clickfantrip.views/template/plana-interior/template-plana-interior.jsp</destination>
			<type>jsp</type>
			<uuidstructure>c2bfd61f-ecd2-11e9-9fbe-04922659cd14</uuidstructure>
			<uuidresource>c2bfd620-ecd2-11e9-9fbe-04922659cd14</uuidresource>
			<datecreated>Sat, 12 Oct 2019 09:29:16 GMT</datecreated>
			<flags>0</flags>
			<properties>
				<property type="shared">
					<name>export</name>
					<value><![CDATA[false]]></value>
				</property>
			</properties>
			<relations/>
			<accesscontrol/>
		</file>
		<file>
			<source>system/modules/com.fantrip.opencms.clickfantrip.views/template/plana-interior/template-plana-interior.xml</source>
			<destination>system/modules/com.fantrip.opencms.clickfantrip.views/template/plana-interior/template-plana-interior.xml</destination>
			<type>formatter_config</type>
			<uuidstructure>b5b78089-ecd2-11e9-9fbe-04922659cd14</uuidstructure>
			<uuidresource>b5b7808a-ecd2-11e9-9fbe-04922659cd14</uuidresource>
			<datecreated>Sat, 12 Oct 2019 09:28:54 GMT</datecreated>
			<flags>0</flags>
			<properties>
				<property>
					<name>Title</name>
					<value><![CDATA[Template Plana Interior]]></value>
				</property>
				<property>
					<name>locale</name>
					<value><![CDATA[en]]></value>
				</property>
				<property>
					<name>locale-available</name>
					<value><![CDATA[en]]></value>
				</property>
				<property>
					<name>search.exclude</name>
					<value><![CDATA[all]]></value>
				</property>
			</properties>
			<relations/>
			<accesscontrol/>
		</file>
		<file>
			<destination>system/modules/com.fantrip.opencms.clickfantrip.views/template/sign-in-section</destination>
			<type>folder</type>
			<uuidstructure>5a2608db-16f2-11ea-a842-04922659cd14</uuidstructure>
			<datecreated>Thu, 05 Dec 2019 00:01:13 GMT</datecreated>
			<flags>0</flags>
			<properties/>
			<relations/>
			<accesscontrol/>
		</file>
		<file>
			<source>system/modules/com.fantrip.opencms.clickfantrip.views/template/sign-in-section/section-sign-in.jsp</source>
			<destination>system/modules/com.fantrip.opencms.clickfantrip.views/template/sign-in-section/section-sign-in.jsp</destination>
			<type>jsp</type>
			<uuidstructure>6458f751-16f2-11ea-a842-04922659cd14</uuidstructure>
			<uuidresource>6458f752-16f2-11ea-a842-04922659cd14</uuidresource>
			<datecreated>Thu, 05 Dec 2019 00:01:30 GMT</datecreated>
			<flags>0</flags>
			<properties>
				<property type="shared">
					<name>export</name>
					<value><![CDATA[false]]></value>
				</property>
			</properties>
			<relations/>
			<accesscontrol/>
		</file>
		<file>
			<source>system/modules/com.fantrip.opencms.clickfantrip.views/template/sign-in-section/section-sign-in.xml</source>
			<destination>system/modules/com.fantrip.opencms.clickfantrip.views/template/sign-in-section/section-sign-in.xml</destination>
			<type>function_config</type>
			<uuidstructure>6454154d-16f2-11ea-a842-04922659cd14</uuidstructure>
			<uuidresource>6454154e-16f2-11ea-a842-04922659cd14</uuidresource>
			<datecreated>Thu, 05 Dec 2019 00:01:30 GMT</datecreated>
			<flags>0</flags>
			<properties>
				<property>
					<name>locale</name>
					<value><![CDATA[en]]></value>
				</property>
				<property>
					<name>locale-available</name>
					<value><![CDATA[en]]></value>
				</property>
			</properties>
			<relations/>
			<accesscontrol/>
		</file>
	</files>
</export>
