<?xml version="1.0" encoding="UTF-8"?>

<NewFormatters xmlns:xsi="http://www.w3.org/2001/XMLSchema-instance" xsi:noNamespaceSchemaLocation="opencms://system/modules/org.opencms.ade.config/schemas/formatters/new_formatter.xsd">
  <NewFormatter language="en">
    <NiceName><![CDATA[Banner Simple]]></NiceName>
    <Type><![CDATA[banner-simple]]></Type>
    <Jsp>
      <link type="WEAK">
        <target><![CDATA[/system/modules/com.fantrip.opencms.clickfantrip.elements/formatters/banner-simple.jsp]]></target>
        <uuid>a8d5a540-0d5b-11ea-8363-04922659cd14</uuid>
      </link>
    </Jsp>
    <Rank><![CDATA[1000]]></Rank>
    <Match>
      <Types>
        <ContainerType><![CDATA[element]]></ContainerType>
      </Types>
    </Match>
    <AutoEnabled>true</AutoEnabled>
    <SearchContent>true</SearchContent>
    <StrictContainers>true</StrictContainers>
  </NewFormatter>
</NewFormatters>
