<?xml version="1.0" encoding="UTF-8"?>

<NewFormatters xmlns:xsi="http://www.w3.org/2001/XMLSchema-instance" xsi:noNamespaceSchemaLocation="opencms://system/modules/org.opencms.ade.config/schemas/formatters/new_formatter.xsd">
  <NewFormatter language="en">
    <NiceName><![CDATA[destacado]]></NiceName>
    <Type><![CDATA[destacado]]></Type>
    <Jsp>
      <link type="WEAK">
        <target><![CDATA[/system/modules/com.fantrip.opencms.clickfantrip.elements/formatters/destacado.jsp]]></target>
        <uuid>e1e1143d-0996-11ea-b731-04922659cd14</uuid>
      </link>
    </Jsp>
    <Description><![CDATA[destacado]]></Description>
    <Rank><![CDATA[1000]]></Rank>
    <Match>
      <Types>
        <ContainerType><![CDATA[element]]></ContainerType>
        <ContainerType><![CDATA[row]]></ContainerType>
        <ContainerType><![CDATA[area]]></ContainerType>
      </Types>
    </Match>
    <Display><![CDATA[destacado]]></Display>
    <AutoEnabled>true</AutoEnabled>
    <SearchContent>false</SearchContent>
    <StrictContainers>true</StrictContainers>
    <Detail>true</Detail>
    <NestedFormatterSettings>true</NestedFormatterSettings>
  </NewFormatter>
</NewFormatters>
