<?xml version="1.0" encoding="UTF-8"?>

<NewFormatters xmlns:xsi="http://www.w3.org/2001/XMLSchema-instance" xsi:noNamespaceSchemaLocation="opencms://system/modules/org.opencms.ade.config/schemas/formatters/new_formatter.xsd">
  <NewFormatter language="en">
    <NiceName><![CDATA[galeria-fantrip]]></NiceName>
    <Type><![CDATA[galeria-regalos]]></Type>
    <Jsp>
      <link type="WEAK">
        <target><![CDATA[/system/modules/com.fantrip.opencms.clickfantrip.elements/formatters/gift-ft.jsp]]></target>
        <uuid>99c0aa7f-1493-11ea-85bd-04922659cd14</uuid>
      </link>
    </Jsp>
    <Rank><![CDATA[1000]]></Rank>
    <Match>
      <Types>
        <ContainerType><![CDATA[element]]></ContainerType>
      </Types>
    </Match>
    <AutoEnabled>true</AutoEnabled>
    <SearchContent>true</SearchContent>
    <StrictContainers>true</StrictContainers>
  </NewFormatter>
</NewFormatters>
